price,location,house_type,rooms,bathrooms,rent_duration,PROPERTY ADDRESS,ESTATE NAME,CONDITION,FURNISHING,FACILITIES,SERVICE CHARGE,PROPERTY SIZE,PETS,AGENCY FEE,LEGAL AND AGREEMENT FEE,CAUTION FEE,NEW PROPERTY,TOTAL ROOMS,PARKING SPACE,FURNISHED,SMOKING,PARTIES,BROKER FEE,HOUSING QUALITY
"₦ 10,000,000","Lagos, Victoria Island",Apartment,4 bedrooms,3 bathrooms,per annum,off Adeola Odeoku street,adeola odeoku,Newly Built,Semi-Furnished,"Wardrobe,Tiled Floor,Pre Paid Meter,Pop Ceiling,Kitchen Shelf,Kitchen Cabinets,Hot Water,Chandelier,Balcony",Yes,,,,,,,,,,,,,
"₦ 8,500,000","Lagos, Ikoyi",Duplex,4 bedrooms,4 bathrooms,per annum,Ikoyi,,Newly Built,Unfurnished,,Yes,,,,,,,,,,,,,
"₦ 6,000,000","Lagos, Lekki, Chevron",Duplex,4 bedrooms,4 bathrooms,per quarter,No 4 Tulip Haven Estate Chevron lekki,Tulip Haven,Newly Built,Furnished,"Wardrobe,Tiled Floor,Pre Paid Meter,Pop Ceiling,Microwave,Kitchen Shelf,Kitchen Cabinets,Hot Water,Dishwasher,Dining Area,Chandelier,Balcony,Air Conditioning",,450 sqm,Pets Allowed,,,,,,,,,,,
"₦ 20,000,000","Lagos, Ikoyi, Ikoyi S.W",Townhouse/Terrace,4 bedrooms,5 bathrooms,per annum,Victoria Island,Victoria island,Newly Built,Unfurnished,,,,,,,,,,,,,,,
"₦ 1,500,000","Oyo, Oluyole",Duplex,4 bedrooms,5 bathrooms,per annum,Gwani Street,Unity Estate,Newly Built,Furnished,"Pop Ceiling,Kitchen Shelf,Balcony,Refrigerator,Wardrobe,Kitchen Cabinets,Dining Area,Hot Water,Pre Paid Meter,Tiled Floor,Dishwasher,Chandelier,Microwave",,,Pets Allowed,,,,,,,,,,,
"₦ 1,500,000","Oyo, Oluyole",Duplex,4 bedrooms,5 bathrooms,per annum,Gwani Street,Lagelu Estate,Newly Built,Furnished,"Tiled Floor,Pre Paid Meter,Refrigerator,Kitchen Cabinets,Dishwasher,Balcony,Pop Ceiling,Kitchen Shelf,Chandelier,24 Hours Electricity,Dining Area,Hot Water",,,Pets Allowed,,,,,,,,,,,
"₦ 1,100,000",none,Bungalow,4 bedrooms,4 bathrooms,per annum,new heaven extension,new heaven extension,Newly Built,Furnished,"Microwave,Balcony,24 Hours Electricity,Chandelier,Dining Area",Yes,600 sqm,Pets Allowed,200000.0,100000.0,100000.0,,,,,,,,
"₦ 800,000",none,Bungalow,4 bedrooms,3 bathrooms,per annum,rotimi abiru street,royal creek estate,Renovated,Furnished,"Pop Ceiling,Tiled Floor",,,Pets Allowed,,,,,,,,,,,
"₦ 4,500,000","Abuja, Asokoro",Duplex,4 bedrooms,4 bathrooms,per annum,asokoro,,Newly Built,Furnished,,,,,,,,,,,,,,,
"₦ 3,000,000","Lagos, Magodo",Duplex,4 bedrooms,4 bathrooms,per annum,magodo phase 1,magodo phase 1,Renovated,Furnished,"Pre Paid Meter,Tiled Floor,Wardrobe,Pop Ceiling,24 Hours Electricity,Dining Area,Balcony,Hot Water,Dishwasher,Kitchen Cabinets",,,Pets Allowed,,,,,,,,,,,
"₦ 4,500,000","Lagos, Lekki, Lekki Phase 1",Duplex,4 bedrooms,4 bathrooms,per annum,osapa london,osapa london,Renovated,Unfurnished,"Kitchen Shelf,Tiled Floor,Pop Ceiling,Kitchen Cabinets,Chandelier,Pre Paid Meter,Microwave,Dining Area,Wardrobe,Hot Water,Dishwasher,Balcony",,350 sqm,Pets Allowed,,,,,,,,,,,
"₦ 3,000,000",none,House,4 bedrooms,4 bathrooms,per annum,orchid road,Victoria crest estate,Fairly Used,Unfurnished,"Hot Water,Pre Paid Meter,Wardrobe,Balcony,Dining Area,Pop Ceiling,24 Hours Electricity,Tiled Floor",,,No Pets,,,,,,,,,,,
"₦ 4,000,000","Lagos, Apapa, Apapa G.R.A",Townhouse/Terrace,4 bedrooms,4 bathrooms,per annum,"No 2b Rycroft Street, Apapa Gra",,Newly Built,Furnished,"Chandelier,Wardrobe,Microwave,Wi-Fi,Dishwasher,Air Conditioning,Dining Area,Tiled Floor,Kitchen Shelf,Pre Paid Meter,24 Hours Electricity,Balcony,Pop Ceiling,Kitchen Cabinets,Apartment,Hot Water",,,,,,,,,,,,,,
"₦ 9,000,000","Lagos, Lekki, Lekki Expressway",Duplex,4 bedrooms,4 bathrooms,per annum,jose Maria estate road lekki phase1,Jose Maria lekki phase1,Newly Built,Furnished,"Microwave,Balcony,Dining Area,Pre Paid Meter,Air Conditioning,Wi-Fi,Apartment,Chandelier,24 Hours Electricity,Hot Water,Pop Ceiling,Kitchen Cabinets,Tiled Floor,Refrigerator,Kitchen Shelf,Dishwasher,TV,Wardrobe",Yes,,,,,,,,,,,,,
"₦ 19,000,000","Lagos, Ikoyi, Banana Island",Townhouse/Terrace,4 bedrooms,4 bathrooms,per annum,Banana Island,With Gym,,Semi-Furnished,,,,,,,,,,,,,,,
"₦ 6,000,000","Lagos, Lekki, Lekki Phase 1",Duplex,4 bedrooms,4 bathrooms,per annum,osapa london,osapa london,Newly Built,Unfurnished,"Dining Area,Tiled Floor,Wardrobe,Kitchen Shelf,Microwave,Pop Ceiling,Chandelier,Balcony,Pre Paid Meter,Dishwasher,Hot Water,Kitchen Cabinets",,350 sqm,Pets Allowed,,,,,,,,,,,
"₦ 2,500,000",none,Duplex,4 bedrooms,5 bathrooms,per annum,25 Omega clinic Ada George,Omega clinic Ada George,Fairly Used,Unfurnished,"Hot Water,Kitchen Cabinets,24 Hours Electricity,Dishwasher,Chandelier,Balcony,Pre Paid Meter,Tiled Floor,Kitchen Shelf,Pop Ceiling,Wardrobe,Dining Area",,,Pets Allowed,,,,,,,,,,,
"₦ 4,000,000",none,Duplex,4 bedrooms,5 bathrooms,per annum,73 Radio estate Nta road Port Harcourt,Radio estate,Newly Built,Unfurnished,"Kitchen Shelf,Pre Paid Meter,24 Hours Electricity,Pop Ceiling,Dishwasher,Hot Water,Tiled Floor,Kitchen Cabinets,Wardrobe,Dining Area",Yes,,Pets Allowed,400000.0,200000.0,,,,,,,,,
"₦ 3,500,000",none,Duplex,4 bedrooms,4 bathrooms,per annum,24 Kings View Estate G.U Ake Eliozu,Kings view estate,Fairly Used,Unfurnished,"Hot Water,Pre Paid Meter,Pop Ceiling,24 Hours Electricity,Balcony,Dishwasher,Tiled Floor,Kitchen Cabinets,Wardrobe,Chandelier,Kitchen Shelf,Dining Area",,,Pets Allowed,,,,,,,,,,,
"₦ 3,500,000",none,Apartment,4 bedrooms,4 bathrooms,per annum,31 Abacha road Gra phase 3,Abacha road Gra phase 3,Newly Built,Unfurnished,"Hot Water,Pop Ceiling,Tiled Floor,Balcony,Pre Paid Meter,Dining Area,Microwave,24 Hours Electricity,Kitchen Cabinets,Kitchen Shelf,Dishwasher,Wardrobe",Yes,,No Pets,350000.0,175000.0,350000.0,,,,,,,,
"₦ 22,000,000","Lagos, Ikoyi",Apartment,4 bedrooms,4 bathrooms,per annum,Banana Island,Ocean Parade,Fairly Used,Unfurnished,"Chandelier,Kitchen Shelf,Kitchen Cabinets,Tiled Floor,Microwave,Apartment,Refrigerator,Pre Paid Meter,Dishwasher,Air Conditioning,Balcony,TV,Wardrobe,Dining Area,Hot Water,Pop Ceiling,24 Hours Electricity",,,,,,,,,,,,,,
"₦ 4,500,000","Lagos, Ajah",Duplex,4 bedrooms,5 bathrooms,per annum,Sangotedo,,Newly Built,Unfurnished,,Yes,,,,,,,,,,,,,
"₦ 4,500,000","Lagos, Lekki, Lekki Phase 1",Duplex,4 bedrooms,5 bathrooms,per annum,4 bedroom duplex in Chevron Lagos with BQ,Chevron Lagos,Newly Built,Semi-Furnished,"Kitchen Shelf,Pre Paid Meter,Refrigerator,Hot Water,Microwave,Pop Ceiling,Balcony,Dishwasher,Kitchen Cabinets,Tiled Floor,Chandelier,Dining Area,Wardrobe",,,,,,,,,,,,,,
"₦ 5,000,000","Lagos, Lekki, Chevron",Duplex,4 bedrooms,4 bathrooms,per annum,Mo 16 schetilina close chevron alternative route chevron,Tulip Haven,Newly Built,Semi-Furnished,"Balcony,Chandelier,Dining Area,Dishwasher,Kitchen Cabinets,Kitchen Shelf,Microwave,Pop Ceiling,Pre Paid Meter,Tiled Floor,Wardrobe",,300 sqm,,,,,,,,,,,,
"₦ 900,000","Lagos, Lekki, Ikota",Shared Apartment,4 bedrooms,5 bathrooms,per annum,ikota,ikota villa,Newly Built,Unfurnished,"Dining Area,Hot Water,Kitchen Shelf,Tiled Floor,Wardrobe,Chandelier,Balcony,Kitchen Cabinets,Pop Ceiling,Dishwasher,Pre Paid Meter",,,No Pets,,,,,,,,,,,
"₦ 6,000,000","Lagos, Ogudu, Ogudu GRA",Duplex,4 bedrooms,5 bathrooms,per annum,"Ramat , Ogudu",OGudu GRA,Newly Built,Semi-Furnished,"Balcony,Tiled Floor,Apartment,Dining Area,Hot Water,Kitchen Cabinets,Pre Paid Meter,Pop Ceiling,Wardrobe,Kitchen Shelf",,,,,,,,,,,,,,
"₦ 1,600,000",none,Apartment,4 bedrooms,4 bathrooms,per annum,31 Location Nta road,Location Nta road,Renovated,Unfurnished,"Kitchen Shelf,Pre Paid Meter,Wardrobe,Tiled Floor,Kitchen Cabinets,24 Hours Electricity,Dining Area",,,Pets Allowed,,,,,,,,,,,
"₦ 15,000,000","Lagos, Ikoyi, Old Ikoyi",Block of Flats,4 bedrooms,4 bathrooms,per annum,ikoyi,Temple road ikoyi,Fairly Used,Semi-Furnished,"Wardrobe,Refrigerator,Pre Paid Meter,Tiled Floor,Hot Water,Kitchen Cabinets",Yes,3500 sqm,,,,,,,,,,,,
"₦ 3,500,000","Abuja, Utako",Duplex,4 bedrooms,5 bathrooms,per annum,utako,utako,Fairly Used,Unfurnished,,,,,,,,,,,,,,,
"₦ 2,500,000","Abuja, Lugbe District, FHA",Duplex,4 bedrooms,5 bathrooms,per annum,Federal Housing Estate New site,Private property,Newly Built,Unfurnished,"24 Hours Electricity,Balcony,Chandelier,Dining Area,Dishwasher,Hot Water,Kitchen Cabinets,Kitchen Shelf,Pop Ceiling,Pre Paid Meter,Tiled Floor,Wardrobe",Yes,600 sqm,Pets Allowed,250000.0,125000.0,100000.0,,,,,,,,
"₦ 1,000,000","Rivers, Obio-Akpor",Bungalow,4 bedrooms,5 bathrooms,per annum,This property is located at Eliozu,,Fairly Used,Semi-Furnished,"Dining Area,Pop Ceiling,24 Hours Electricity,Wardrobe,Tiled Floor,Hot Water,Pre Paid Meter,Kitchen Shelf,Balcony,Kitchen Cabinets",,,Pets Allowed,,,,,,,,,,,
"₦ 1,700,000","Enugu, Enugu / Enugu State",Townhouse/Terrace,4 bedrooms,4 bathrooms,per annum,nza street independence layout,nza street,Renovated,Unfurnished,"Tiled Floor,Wardrobe,Pre Paid Meter,24 Hours Electricity,Air Conditioning,Apartment,Balcony",Yes,3000 sqm,,170000.0,170000.0,100000.0,,,,,,,,
"₦ 6,000,000","Lagos, Lekki, Ikate",Duplex,4 bedrooms,4 bathrooms,per annum,Elegushi,,Newly Built,Semi-Furnished,"Chandelier,Hot Water,Kitchen Cabinets,Air Conditioning,Balcony,Kitchen Shelf,24 Hours Electricity,Pop Ceiling,Pre Paid Meter,Wardrobe,Dining Area,Tiled Floor",,,No Pets,,,,,,,,,,,
"₦ 25,000,000","Lagos, Ikoyi",Penthouse,4 bedrooms,4 bathrooms,per annum,"Ikoyi, Lagos",,Fairly Used,Unfurnished,"Wardrobe,Kitchen Shelf,Kitchen Cabinets,Dining Area,Tiled Floor,Dishwasher,Microwave,Balcony,Air Conditioning,Hot Water,Pop Ceiling",,,,,,,,,,,,,,
"₦ 1,800,000","Enugu, Enugu / Enugu State",Duplex,4 bedrooms,5 bathrooms,per annum,wtc estate,wtc,Newly Built,Semi-Furnished,,,1200 sqm,,,,,,,,,,,,
"₦ 3,000,000",none,Duplex,4 bedrooms,5 bathrooms,per quarter,Eliozu-Eneka Road,,Newly Built,Semi-Furnished,"Balcony,Chandelier,Pre Paid Meter,Kitchen Shelf,Hot Water,Wardrobe,24 Hours Electricity,Pop Ceiling,Dining Area,Kitchen Cabinets,Tiled Floor",Yes,5000 sqm,,300000.0,150000.0,200000.0,,,,,,,,
"₦ 850,000",none,Block of Flats,4 bedrooms,4 bathrooms,per annum,Emmannemeka street Awka,,Newly Built,Unfurnished,"Balcony,Kitchen Cabinets,Wardrobe,Hot Water,Pre Paid Meter,Kitchen Shelf,Dining Area,Wi-Fi,Tiled Floor,24 Hours Electricity",,450 sqm,No Pets,,,,,,,,,,,
"₦ 2,000,000","Rivers, Obio-Akpor",Duplex,4 bedrooms,5 bathrooms,per quarter,This property is within big treat by Rukpokwu,Big treat estate,Newly Built,Semi-Furnished,"24 Hours Electricity,Pop Ceiling,Wardrobe,Tiled Floor,Pre Paid Meter,Balcony,Hot Water,Dining Area,Kitchen Cabinets",,,,,,,,,,,,,,
"₦ 3,500,000","Rivers, Port-Harcourt",Duplex,4 bedrooms,5 bathrooms,per annum,genesis estate woji,,Fairly Used,Unfurnished,"Hot Water,24 Hours Electricity,Tiled Floor,Wardrobe,Dining Area,Kitchen Cabinets,Balcony",Yes,,Pets Allowed,,,,,,,,,,,
"₦ 3,000,000","Rivers, Port-Harcourt",Duplex,4 bedrooms,5 bathrooms,per annum,mercyland off NTA Rd,Francis Estate,Newly Built,Furnished,"Dishwasher,Dining Area,Pre Paid Meter,Air Conditioning,Pop Ceiling,24 Hours Electricity,Kitchen Shelf,Tiled Floor,Wardrobe,Balcony,Kitchen Cabinets,Hot Water",,469 sqm,Pets Allowed,,,,,,,,,,,
"₦ 20,000,000","Lagos, Victoria Island, Kofo Abayomi",Duplex,4 bedrooms,5 bathrooms,per annum,Kofo Abayomi,De Home Vessels,Newly Built,Unfurnished,,,,,,,,,,,,,,,
"₦ 9,000,000","Lagos, Lekki, Lekki Phase 1",Duplex,4 bedrooms,5 bathrooms,per annum,lekki Phase 1 Lagos,Off Admitlraty way,Newly Built,Semi-Furnished,"Dining Area,Pop Ceiling,Pre Paid Meter,Chandelier,Kitchen Cabinets,Microwave,Refrigerator,Dishwasher,Hot Water,Balcony,Wardrobe,Kitchen Shelf,Tiled Floor",,,,,,,,,,,,,,
"₦ 4,500,000","Lagos, Lekki, Chevron",Duplex,4 bedrooms,4 bathrooms,per quarter,Bera Estate Chevron lekki lagos,Bera Estate,Newly Built,Furnished,"Balcony,Chandelier,Dining Area,Dishwasher,Hot Water,Kitchen Cabinets,Kitchen Shelf,Microwave,Pop Ceiling,Pre Paid Meter,Tiled Floor,Wardrobe",Yes,450 sqm,,450000.0,450000.0,,,,,,,,,
"₦ 8,500,000","Lagos, Lekki, Lekki Phase 1",Duplex,4 bedrooms,4 bathrooms,per annum,lekki phase1,Terrace duplex,Newly Built,Furnished,"Tiled Floor,Kitchen Cabinets,Chandelier,Microwave,Refrigerator,Balcony,Dining Area,Kitchen Shelf,Wardrobe,Dishwasher,Hot Water,Pre Paid Meter,24 Hours Electricity,Pop Ceiling",Yes,200 sqm,Pets Allowed,850000.0,850000.0,,,,,,,,,
"₦ 8,000,000","Lagos, Ikeja, Ikeja GRA",Duplex,4 bedrooms,5 bathrooms,per annum,Rev Ogunbiyi,secured estate,Newly Built,Furnished,"24 Hours Electricity,Dining Area,Kitchen Shelf,Dishwasher,Microwave,Refrigerator,Tiled Floor,Kitchen Cabinets,Pre Paid Meter,Wi-Fi,Pop Ceiling,TV,Air Conditioning,Wardrobe,Balcony,Chandelier,Hot Water",Yes,,Pets Allowed,,,,,,,,,,,
"₦ 7,000,000","Lagos, Lekki",Townhouse/Terrace,4 bedrooms,4 bathrooms,anually,Ikate lekki phase 1,ikate Lekki,Newly Built,Semi-Furnished,Apartment,,,Pets Allowed,,,,,,,,,,,
"₦ 2,700,000",none,Apartment,4 bedrooms,5 bathrooms,per quarter,4 Fon street Eliada Layout,Cocaine Estate,Renovated,Unfurnished,"Wi-Fi,Balcony,Hot Water,Wardrobe,Tiled Floor,Dining Area,Kitchen Cabinets,Kitchen Shelf,Pop Ceiling,Pre Paid Meter",Yes,,No Pets,,,,,,,,,,,
"₦ 1,000,000","Enugu, Enugu / Enugu State",House,4 bedrooms,3 bathrooms,per annum,4 bedroom flat at New heaven good for commercial business,New heaven,Renovated,Semi-Furnished,"24 Hours Electricity,Pre Paid Meter,Balcony,Tiled Floor,Wardrobe",Yes,500 sqm,No Pets,10.0,10.0,10.0,,,,,,,,
"₦ 3,500,000","Rivers, Port-Harcourt",Duplex,4 bedrooms,5 bathrooms,per quarter,Brand new 3bedroom Duplex with federal light in GRA,Onne GRA,Newly Built,Furnished,"Chandelier,24 Hours Electricity,Pop Ceiling,Hot Water,Kitchen Cabinets,Kitchen Shelf,Microwave,Refrigerator,Balcony,Dining Area,Pre Paid Meter,Dishwasher,Air Conditioning,Tiled Floor,Wardrobe",Yes,460 sqm,Pets Allowed,,,,,,,,,,,
"₦ 3,500,000","Rivers, Port-Harcourt",Duplex,4 bedrooms,5 bathrooms,anually,,,,,,,,,,,,Yes,4.0,Yes,Yes,,,,
"₦ 5,500,000","Rivers, Port-Harcourt",Duplex,4 bedrooms,5 bathrooms,per quarter,NAF Harmony Estate Eliozu Portharcourt,cityestateproperty.com.ng,Newly Built,Furnished,,,465 sqm,,,,,,,,,,,,
"₦ 2,500,000","Rivers, Port-Harcourt",Duplex,4 bedrooms,5 bathrooms,anually,,,,Furnished,,,,Pets Allowed,,,,Yes,4.0,Yes,,Allowed,Allowed,Yes,
"₦ 2,300,000","Lagos, Ojodu, Isheri North",Duplex,4 bedrooms,4 bathrooms,per annum,Newly built 4bedrooms semi detached duplex in opic isheri f,opic estate,Newly Built,Furnished,,Yes,325 sqm,Pets Allowed,,,,,,,,,,,
"₦ 15,000,000","Lagos, Ikoyi, Banana Island",Duplex,4 bedrooms,5 bathrooms,per annum,Banana island,Banana island Eatate,Newly Built,Unfurnished,"Hot Water,Chandelier,Dishwasher,Balcony,Pop Ceiling,Pre Paid Meter,Refrigerator,Wardrobe,Kitchen Shelf,Microwave,Kitchen Cabinets,Air Conditioning,24 Hours Electricity,Tiled Floor,Dining Area,Apartment",Yes,,,,,,,,,,,,,
"₦ 2,000,000","Rivers, Port-Harcourt",Duplex,4 bedrooms,5 bathrooms,per quarter,Exotic 4bedroom Duplex in Eagle land off Agip,Eagle Land Estate,Newly Built,Semi-Furnished,"Hot Water,Dining Area,Microwave,Balcony,Chandelier,Kitchen Shelf,24 Hours Electricity,Dishwasher,Kitchen Cabinets,Wardrobe,Pop Ceiling,Pre Paid Meter",,,Pets Allowed,,,,,,,,,,,
"₦ 3,000,000","Rivers, Port-Harcourt",Duplex,4 bedrooms,5 bathrooms,per annum,Ahuoda Estate,Ahuoda,Newly Built,Furnished,"Kitchen Shelf,Kitchen Cabinets,Air Conditioning,Microwave,Hot Water,24 Hours Electricity,Dishwasher,Chandelier",,,No Pets,300.0,150.0,200.0,,,,,,,,
"₦ 2,500,000","Rivers, Port-Harcourt",Duplex,4 bedrooms,4 bathrooms,anually,,,,,,,,,,,,Yes,4.0,Yes,Yes,,,,
"₦ 2,000,000","Rivers, Port-Harcourt",Duplex,4 bedrooms,5 bathrooms,anually,,,,,,,,,,,,Yes,4.0,Yes,Yes,,,,
"₦ 700,000","Imo, Owerri",Block of Flats,3 bedrooms,3 bathrooms,anually,Located in New Owerri,,Newly Built,Unfurnished,"24 Hours Electricity,Balcony,Chandelier,Dining Area,Kitchen Cabinets,Kitchen Shelf,Tiled Floor,Wardrobe",,,No Pets,70000,,,,,,,,,,
"₦ 1,000,000","Imo, Owerri",Duplex,4 bedrooms,4 bathrooms,anually,Located at New Owerri,,Fairly Used,Furnished,,,1500 sqm,No Pets,,,,,6,Yes,,Allowed,Allowed,No,Standard
"₦ 2,000,000","Imo, Owerri",Duplex,4 bedrooms,5 bathrooms,anually,Located at New Owerri,,Newly Built,Furnished,,,450 sqm,Pets Allowed,,,,,6,Yes,,Allowed,Allowed,No,Standard
"₦ 2,000,000","Imo, Owerri",Duplex,4 bedrooms,4 bathrooms,anually,Located at Concord Axis,,Fairly Used,Semi-Furnished,Hot Water,,1500 sqm,No Pets,,,,,5,Yes,,Allowed,Allowed,No,Standard
"₦ 1,500,000","Imo, Owerri",Duplex,4 bedrooms,5 bathrooms,anually,Located in Owerri,,Fairly Used,Furnished,Hot Water,,600 sqm,Pets Allowed,,,,,5,Yes,,Allowed,Allowed,No,Standard
"₦ 5,000,000","Imo, Owerri",Duplex,4 bedrooms,5 bathrooms,anually,,,,Furnished,,,750 sqm,Pets Allowed,,,,Yes,5,Yes,,Allowed,Allowed,No,
"₦ 600,000","Imo, Owerri",Apartment,3 bedrooms,3 bathrooms,anually,Located Within Concord Axis,,Fairly Used,Semi-Furnished,,,500 sqm,No Pets,,,,,4,Yes,,Allowed,Allowed,No,Standard
"₦ 2,500,000","Imo, Owerri",Duplex,4 bedrooms,5 bathrooms,anually,,,,,,,1500 sqm,,,,,No,5,Yes,Yes,,,No,
"₦ 1,300,000","Imo, Owerri",Duplex,4 bedrooms,4 bathrooms,anually,Located in New Owerri,,Fairly Used,Furnished,Hot Water,,1500 sqm,No Pets,,,,,6,Yes,,Allowed,Allowed,No,Standard
"₦ 3,500,000","Imo, Owerri",Duplex,4 bedrooms,4 bathrooms,anually,"Located in New Owerri, Concord Axis.",,Newly Built,Furnished,Hot Water,,450 sqm,Pets Allowed,,,,,5,Yes,,Allowed,Allowed,No,Standard
"₦ 2,500,000","Imo, Owerri",Duplex,3 bedrooms,3 bathrooms,anually,,,,Furnished,,,500 sqm,Pets Allowed,,,,Yes,4,Yes,,Allowed,Allowed,No,
"₦ 1,300,000","Imo, Owerri",Duplex,4 bedrooms,4 bathrooms,anually,,,,Semi-Furnished,,,1700 sqm,Pets Allowed,,,,No,5,Yes,,Allowed,Allowed,No,
"₦ 15,000,000","Abuja, Maitama",Block of Flats,4 bedrooms,4 bathrooms,per annum,osun cresent,Ancestors Court,Renovated,Semi-Furnished,"24 Hours Electricity,Air Conditioning,Balcony,Chandelier,Dining Area,Dishwasher,Hot Water,Kitchen Cabinets,Kitchen Shelf,Microwave,Pop Ceiling,Pre Paid Meter,Refrigerator,Tiled Floor,Wardrobe",,,,,,,,,,,,,,
"₦ 16,000,000","Abuja, Maitama",Penthouse,4 bedrooms,4 bathrooms,per annum,"No.34 Osun cresent, maitama Abuja",Ancestors Court,Renovated,Semi-Furnished,"24 Hours Electricity,Air Conditioning,Balcony,Chandelier,Dining Area,Hot Water,Kitchen Cabinets,Kitchen Shelf,Microwave,Pop Ceiling,Pre Paid Meter,Refrigerator,Tiled Floor,Wardrobe",,,,,,,,,,,,,,
"₦ 2,500,000","Abuja, Galadimawa",Duplex,4 bedrooms,4 bathrooms,per annum,Brains n Hammer Galadimawa round about,,Fairly Used,Unfurnished,"Wardrobe,Tiled Floor,24 Hours Electricity,Dining Area,Hot Water,Kitchen Cabinets,Kitchen Shelf,Pre Paid Meter,Balcony",,400 sqm,,125000,125000,,,,,,,,,
"₦ 35,000,000","Abuja, Dakwo District",Bungalow,4 bedrooms,5 bathrooms,anually,,,,Unfurnished,,,,,,,,Yes,4,,,,,Yes,
"₦ 6,500,000","Abuja, Mabushi",Duplex,4 bedrooms,5 bathrooms,anually,by VIO,,Newly Built,Unfurnished,"Balcony,Chandelier,Dining Area,Hot Water,Kitchen Cabinets,Kitchen Shelf,Pop Ceiling,Pre Paid Meter,Tiled Floor,Refrigerator,Wardrobe",,3000 sqm,Pets Allowed,10,5,,,,,,,,,
"₦ 5,500,000","Abuja, Gwarinpa",Duplex,4 bedrooms,5 bathrooms,anually,,,Newly Built,Semi-Furnished,,,,,,,,,6,Yes,,,,,
"₦ 4,000,000","Abuja, Utako",Duplex,4 bedrooms,5 bathrooms,per annum,okonjo iwuala,richfield,Fairly Used,Semi-Furnished,,,,,,,,,,,,,,,
"₦ 6,800,000","Abuja, Jahi",Duplex,4 bedrooms,5 bathrooms,per annum,Jahi,,Newly Built,Semi-Furnished,"Balcony,Dishwasher,Microwave,24 Hours Electricity,Hot Water,Kitchen Cabinets,Pre Paid Meter,Pop Ceiling,Dining Area,Kitchen Shelf,Refrigerator,Chandelier",,,,275000,275000,,,,,,,,,
"₦ 5,500,000","Abuja, Jahi",Duplex,4 bedrooms,5 bathrooms,per annum,jahi by Gilmore,jahi by Gilmore,Newly Built,Furnished,,,,Pets Allowed,250000,500500,,,,,,,,,
"₦ 5,500,000","Abuja, Jahi",Duplex,4 bedrooms,5 bathrooms,anually,jahi by Gilmore,,Newly Built,Furnished,"24 Hours Electricity,Balcony,Tiled Floor,Dining Area,Wardrobe,Chandelier,Hot Water,Kitchen Cabinets,Pre Paid Meter,Pop Ceiling",,,Pets Allowed,,,,,,,,,,,
"₦ 2,500,000","Abuja, Lokogoma",Duplex,4 bedrooms,5 bathrooms,per annum,urban shelter estate,urban shelter estate lokogoma,Newly Built,Furnished,,,,,,,,,,,,,,,
"₦ 2,500,000",none,Duplex,4 bedrooms,4 bathrooms,per annum,"Kanma estate, Behind Penthouse estate, Lugbe accross AbujaFc",Kanma Estate,Newly Built,Unfurnished,"24 Hours Electricity,Balcony,Chandelier,Dining Area,Hot Water,Kitchen Cabinets,Kitchen Shelf,Pop Ceiling",,120 sqm,No Pets,250000,125000,0,,,,,,,,
"₦ 2,000,000","Abuja, Gwarinpa",Block of Flats,4 bedrooms,5 bathrooms,anually,1st avenue Gwarinpa,,Fairly Used,Unfurnished,24 Hours Electricity,,100 sqm,Pets Allowed,50,50,150000,,,,,,,,
"₦ 4,000,000","Abuja, Gwarinpa",Duplex,4 bedrooms,5 bathrooms,per annum,2nd avenue Gwarinpa,Gwarinpa Estate,Fairly Used,Unfurnished,24 Hours Electricity,,100 sqm,Pets Allowed,,,,,,,,,,,
"₦ 2,800,000","Abuja, Gwarinpa",Duplex,4 bedrooms,5 bathrooms,anually,2nd avenue Gwarinpa,Gwarinpa Estate,Fairly Used,Unfurnished,24 Hours Electricity,,50 sqm,Pets Allowed,50,50,0,,,,,,,,
"₦ 2,000,000","Abuja, Gwarinpa",Block of Flats,4 bedrooms,5 bathrooms,anually,1st avenue Gwarinpa,,Fairly Used,Unfurnished,24 Hours Electricity,,100 sqm,Pets Allowed,50,50,150000,,,,,,,,
"₦ 3,500,000","Abuja, Gwarinpa",Bungalow,4 bedrooms,5 bathrooms,per annum,Gwarinpa Estate,Gwarinpa Estate,Newly Built,Semi-Furnished,24 Hours Electricity,,50 sqm,Pets Allowed,,,,,,,,,,,
"₦ 2,500,000",none,Duplex,4 bedrooms,5 bathrooms,anually,"River Park Estate, Airport Road Abuja.",,Newly Built,Semi-Furnished,,,550 sqm,Pets Allowed,,,,,4,Yes,,,,Yes,Standard
"₦ 6,500,000","Lagos, Lekki, Ikate-Elegushi",Duplex,4 bedrooms,4 bathrooms,per annum,lekki lagos,,Newly Built,Unfurnished,"Tiled Floor,Dining Area,Kitchen Shelf,Dishwasher,Hot Water,Chandelier,Pop Ceiling,Apartment,Kitchen Cabinets,Balcony,Pre Paid Meter",,,,,,,,,,,,,,
"₦ 3,000,000","Lagos, Lekki",Duplex,4 bedrooms,5 bathrooms,per annum,orchid road by. 2nd toll gate LEKkI Lagos,buene vista Estate,Fairly Used,Unfurnished,"Air Conditioning,Balcony,Chandelier,Dining Area,Dishwasher,Hot Water,Kitchen Cabinets,Kitchen Shelf,Pop Ceiling,Pre Paid Meter,Wardrobe",,300 sqm,Pets Allowed,,,,,,,,,,,
"₦ 27,000,000","Lagos, Ikoyi, Banana Island",Apartment,4 bedrooms,4 bathrooms,per quarter,"Banana Island Ikoyi, Lagos",,Newly Built,Unfurnished,"Kitchen Shelf,Pre Paid Meter,Microwave,Chandelier,Tiled Floor,Balcony,24 Hours Electricity,Hot Water,Kitchen Cabinets,Dining Area,Apartment,Pop Ceiling,Air Conditioning,Wardrobe",,,,,,,,,,,,,,
"₦ 65,000","Lagos, Ikeja",Duplex,4 bedrooms,4 bathrooms,anually,Works Road,Emeka Anyaoku Estate,Newly Built,Furnished,"Air Conditioning,24 Hours Electricity,Balcony,Chandelier,Dining Area,Hot Water,Kitchen Cabinets,Kitchen Shelf,Microwave,Pop Ceiling,Pre Paid Meter,Refrigerator,Tiled Floor,TV,Wardrobe",,,No Pets,,,,,,,,,,,
"₦ 2,000,000","Lagos, Lekki, Lekki Phase 2",Duplex,4 bedrooms,5 bathrooms,per annum,By Novara ShopRite Lekki Ajah Lagos,On monastery road,Fairly Used,Semi-Furnished,"Tiled Floor,Pop Ceiling,Chandelier,Wardrobe,Balcony,Apartment,Pre Paid Meter,Dining Area,Kitchen Cabinets,Kitchen Shelf,Dishwasher,Hot Water",,3000 sqm,,,,,,,,,,,,
"₦ 1,000,000",none,Bungalow,4 bedrooms,5 bathrooms,per annum,"4A, C Close, Ogun State","Goodwill Estate, Mapara via Magboro",Newly Built,Semi-Furnished,"Hot Water,Balcony,Tiled Floor,Pop Ceiling,Dishwasher,Dining Area",Yes,395 sqm,Pets Allowed,100000,100000,100000,,,,,,,,
"₦ 3,500,000","Lagos, Lekki",Duplex,4 bedrooms,5 bathrooms,anually,,,,,,,,,,,,Yes,5,Yes,Yes,,,,
"₦ 2,000,000","Lagos, Ajah, Crown Estate",Duplex,4 bedrooms,5 bathrooms,per annum,"Estate around Crown Estate, Sangotedo axis, Ajah, Lekki.",,,Unfurnished,,,,,,,,,,,,,,,
"₦ 1,000,000",none,Duplex,4 bedrooms,5 bathrooms,per annum,Akala Express,"Olusetan, Elebu",Newly Built,Semi-Furnished,"Hot Water,Kitchen Shelf,Pop Ceiling,Tiled Floor,Chandelier,Dishwasher,Balcony,Kitchen Cabinets,Dining Area,Wardrobe",Yes,,,200000,100000,100000,,,,,,,,
"₦ 1,200,000","Enugu, Enugu / Enugu State",Bungalow,4 bedrooms,4 bathrooms,per quarter,GRA,GRA,Fairly Used,Semi-Furnished,,,1300 sqm,,,,,,,,,,,,
"₦ 2,000,000","Lagos, Ajah",Duplex,4 bedrooms,4 bathrooms,per annum,"near lbs, Ajah lekki",,,Furnished,,,,,,,,,,,,,,,
"₦ 2,500,000","Lagos, Ajah, Olokonla",Duplex,4 bedrooms,5 bathrooms,per annum,"After LBS, Olokonla, Ajah axis, Lekki.",Estate.,Newly Built,Unfurnished,"Pop Ceiling,Chandelier,Dining Area,Microwave,Balcony,Kitchen Cabinets,Pre Paid Meter,Wardrobe,Hot Water,Dishwasher,Kitchen Shelf,Tiled Floor",,650 sqm,Pets Allowed,250000,250000,200000,,,,,,,,
"₦ 8,000,000","Abuja, Guzape District",Townhouse/Terrace,4 bedrooms,5 bathrooms,per annum,Guzape Close to COZA church,,Newly Built,Semi-Furnished,"Pop Ceiling,Kitchen Cabinets,Apartment,Wi-Fi,Hot Water,Chandelier,Tiled Floor,Air Conditioning,Wardrobe,Dishwasher,24 Hours Electricity,Pre Paid Meter,Balcony,Dining Area,Kitchen Shelf,Microwave",Yes,,,,,,,,,,,,,
"₦ 7,000,000","Lagos, Lekki, Lekki Phase 2",House,4 bedrooms,4 bathrooms,per annum,"Lake View Estate, (Adjacent VGC),Ajah, Lagos",Lake View Estate,Newly Built,Semi-Furnished,"Pop Ceiling,Dining Area,Pre Paid Meter,Tiled Floor,Wardrobe,Kitchen Cabinets,Kitchen Shelf,Hot Water",,,,,,,,,,,,,,
"₦ 3,000,000","Lagos, Lekki, Lekki Phase 2",Duplex,4 bedrooms,4 bathrooms,per annum,ELEGANZA,,Newly Built,Semi-Furnished,,,,,,,,,,,,,,,
"₦ 2,500,000",none,Bungalow,4 bedrooms,4 bathrooms,per annum,"ogunlaja drive , majek area",bashorun estate,Fairly Used,Furnished,"Balcony,Wardrobe,Tiled Floor,Kitchen Shelf,Dining Area,Kitchen Cabinets,Apartment,Microwave,Pop Ceiling,Refrigerator",,800 sqm,Pets Allowed,,,,,,,,,,,
"₦ 800,000","Enugu, Enugu / Enugu State",Bungalow,4 bedrooms,5 bathrooms,per quarter,trans ekulu,winner's estate,Newly Built,Semi-Furnished,"Pre Paid Meter,Dining Area,Balcony,24 Hours Electricity,Kitchen Cabinets,Tiled Floor,Wardrobe,Dishwasher,Pop Ceiling",,1900 sqm,Pets Allowed,,,,,,,,,,,
"₦ 4,500,000","Lagos, Ikoyi, Old Ikoyi",Block of Flats,4 bedrooms,4 bathrooms,per annum,parkview ikoyi,park view ikoy,Newly Built,Semi-Furnished,,,500 sqm,,,,,,,,,,,,
"₦ 1,000,000","Enugu, Enugu / Enugu State",Bungalow,4 bedrooms,4 bathrooms,per annum,fidelity estate,,Newly Built,Semi-Furnished,,,1200 sqm,,,,,,,,,,,,
"₦ 1,200,000",none,Duplex,4 bedrooms,5 bathrooms,per annum,Imalete Estate opp beach wood Estate,Beach Wood Estate,Newly Built,Semi-Furnished,,,,,,,,,,,,,,,
"₦ 7,500,000","Lagos, Lekki, Lekki Phase 1",Townhouse/Terrace,4 bedrooms,5 bathrooms,per annum,The Rock drive.,By IMAX CINEMA,Newly Built,Unfurnished,"Pop Ceiling,Tiled Floor,Wardrobe,Kitchen Shelf,Pre Paid Meter,Hot Water,Chandelier,Dining Area,Kitchen Cabinets",,500 sqm,Pets Allowed,,,,,,,,,,,
"₦ 3,500,000","Lagos, Magodo, GRA Phase 2 Shangisha",Apartment,4 bedrooms,4 bathrooms,per annum,Magodo GRA 2 Shangisha,Magodo GRA 2,Newly Built,Semi-Furnished,"Chandelier,Tiled Floor,Wardrobe,Apartment,Kitchen Shelf,Kitchen Cabinets,Pre Paid Meter,Hot Water,Dining Area,Pop Ceiling,Balcony,24 Hours Electricity",,,No Pets,,,,,,,,,,,
"₦ 60,000","Lagos, Ikeja",Duplex,4 bedrooms,4 bathrooms,anually,"Muiz Banire Street, Ikeja GRA",,Newly Built,Furnished,"Hot Water,24 Hours Electricity,TV,Air Conditioning,Refrigerator,Microwave",,,No Pets,,,,,,,,,,,
"₦ 3,500,000","Lagos, Ajah",Duplex,4 bedrooms,4 bathrooms,per annum,"Ikota GRA, behind Mega Chicken",Ikota GRA,Renovated,Semi-Furnished,"24 Hours Electricity,Chandelier,Kitchen Cabinets,Pre Paid Meter,Microwave,Kitchen Shelf,Pop Ceiling,Dining Area,Tiled Floor,Wardrobe,Hot Water,Balcony",Yes,,,350000,155000,200000,,,,,,,,
"₦ 40,000","Lagos, Ikorodu, Agric",Duplex,4 bedrooms,4 bathrooms,per quarter,",fiwakesi street agbede agric ikorodu",FEM apartment,Newly Built,Furnished,"Air Conditioning,Balcony,Dining Area,Kitchen Cabinets,Microwave,Refrigerator,Tiled Floor,TV,Wardrobe",,,No Pets,,,,,,,,,,,
"₦ 6,000,000","Abuja, Jabi",Duplex,4 bedrooms,4 bathrooms,per annum,Jabi,,Newly Built,Semi-Furnished,"Balcony,Air Conditioning,Dining Area,Apartment,Dishwasher,Kitchen Shelf,Hot Water,Chandelier,Kitchen Cabinets,24 Hours Electricity",Yes,,,600000,300000,,,,,,,,,
"₦ 3,700,000","Lagos, Lekki, Ikota",Duplex,4 bedrooms,4 bathrooms,per annum,Ikota GRA Estate,Ikota GRA Estate,Fairly Used,Unfurnished,"Hot Water,Kitchen Cabinets,Pop Ceiling,Tiled Floor,Kitchen Shelf,Dining Area,Wardrobe,Balcony",,,No Pets,,,,,,,,,,,
"₦ 1,800,000","Lagos, Ajah",Duplex,4 bedrooms,5 bathrooms,per annum,"Unity Estate, Badore, Ajah",Unity Estate,Newly Built,Semi-Furnished,"Dining Area,Pop Ceiling,Pre Paid Meter,Chandelier,Kitchen Cabinets,Tiled Floor,Dishwasher,Hot Water,Wardrobe,Microwave,Kitchen Shelf,Balcony,Apartment",,,,,,,,,,,,,,
"₦ 1,200,000","Lagos, Ibeju, Awoyaya",Duplex,4 bedrooms,4 bathrooms,per annum,Awoyaya ajah by New roads,Awoyaya ajah by New roads,Newly Built,Furnished,"Balcony,Air Conditioning,Chandelier,Dining Area,24 Hours Electricity,Hot Water,Dishwasher",,1000 sqm,Pets Allowed,120,120,100,,,,,,,,
"₦ 400,000","Lagos, Ikorodu",Bungalow,4 bedrooms,5 bathrooms,anually,,,,,,,650 sqm,,,,,Yes,5,Yes,Yes,,,,
"₦ 3,000,000","Lagos, Lekki",Duplex,4 bedrooms,5 bathrooms,anually,,,,Unfurnished,,,,,,,,,4,Yes,,,,,
"₦ 2,000,000","Lagos, Lekki",Duplex,4 bedrooms,5 bathrooms,anually,,,,,,,,,,,,Yes,7,Yes,Yes,,,,
"₦ 2,500,000","Abuja, Jahi",Duplex,4 bedrooms,4 bathrooms,per annum,jahi district,,Renovated,Unfurnished,"Balcony,Chandelier,Dining Area,Hot Water,Kitchen Cabinets,Kitchen Shelf,Pop Ceiling,Pre Paid Meter,Tiled Floor,Wardrobe",Yes,,No Pets,5,10,,,,,,,,,
"₦ 3,500,000","Lagos, Lekki",House,4 bedrooms,5 bathrooms,per annum,Elegushi Royal Estate Ilasan.,,Newly Built,Semi-Furnished,"Hot Water,Microwave",,1350 sqm,Pets Allowed,,,,,,,,,,,
"₦ 800,000","Enugu, Enugu / Enugu State",Bungalow,4 bedrooms,4 bathrooms,per annum,New heaven,,Fairly Used,Semi-Furnished,"Dining Area,Dishwasher,Hot Water,Kitchen Cabinets,Balcony,Kitchen Shelf",,,,,,,,,,,,,,
"₦ 1,900,000","Lagos, Lekki",House,4 bedrooms,4 bathrooms,anually,,,,Furnished,,,,,,,,No,7,Yes,,,,Yes,
"₦ 1,500,000","Lagos, Ajah",Duplex,4 bedrooms,4 bathrooms,anually,,,,Furnished,,,350 sqm,,,,,Yes,4,Yes,,,,Yes,
"₦ 5,500,000",none,Duplex,5 bedrooms,5 bathrooms,anually,106,Naf base Harmony estate,Newly Built,Unfurnished,"Hot Water,Dishwasher,Pre Paid Meter,Dining Area,Balcony,Kitchen Shelf,Wardrobe,Kitchen Cabinets,24 Hours Electricity,Tiled Floor,Pop Ceiling",,,Pets Allowed,,,,,,,,,,,
"₦ 2,500,000","Rivers, Port-Harcourt",Duplex,4 bedrooms,5 bathrooms,per annum,Off NTA,Back of NTA Port Harcourt,Fairly Used,Semi-Furnished,"Kitchen Cabinets,Pop Ceiling,Chandelier,Kitchen Shelf,Wardrobe,Tiled Floor,Dishwasher,24 Hours Electricity,Pre Paid Meter,Balcony,Dining Area,Hot Water",,900 sqm,Pets Allowed,,,,,,,,,,,
"₦ 3,000,000","Rivers, Port-Harcourt",Duplex,4 bedrooms,5 bathrooms,per annum,mercyland off NTA Rd,Francis Estate,Newly Built,Furnished,"Dishwasher,Dining Area,Pre Paid Meter,Air Conditioning,Pop Ceiling,24 Hours Electricity,Kitchen Shelf,Tiled Floor,Wardrobe,Balcony,Kitchen Cabinets,Hot Water",,469 sqm,Pets Allowed,,,,,,,,,,,
"₦ 3,500,000","Rivers, Port-Harcourt",Duplex,4 bedrooms,4 bathrooms,anually,,,,Furnished,,,,Pets Allowed,,,,Yes,4,Yes,,Not Allowed,Allowed,Yes,
"₦ 1,600,000","Rivers, Port-Harcourt",Duplex,5 bedrooms,5 bathrooms,anually,,,,,,,,,,,,Yes,4,Yes,Yes,,,,
"₦ 2,500,000","Rivers, Port-Harcourt",Duplex,4 bedrooms,5 bathrooms,anually,,,,Furnished,,,,Pets Allowed,,,,Yes,4,Yes,,Allowed,Allowed,Yes,
"₦ 3,000,000","Rivers, Port-Harcourt",Duplex,4 bedrooms,5 bathrooms,anually,,,,Semi-Furnished,,,,Pets Allowed,,,,Yes,4,Yes,,Allowed,Allowed,Yes,
"₦ 10,000,000","Rivers, Port-Harcourt",Duplex,4 bedrooms,5 bathrooms,per annum,old GRA,bomari Estate,Newly Built,Furnished,"Dishwasher,Chandelier,Kitchen Cabinets,Wardrobe,Microwave,Hot Water,Kitchen Shelf,Pop Ceiling,Dining Area,24 Hours Electricity,Refrigerator,Tiled Floor,TV",,460 sqm,Pets Allowed,1000000,50000,1000000,,,,,,,,
"₦ 4,000,000","Rivers, Port-Harcourt",Duplex,4 bedrooms,5 bathrooms,anually,Ada George,,Newly Built,Furnished,"Refrigerator,Hot Water,24 Hours Electricity,Dishwasher",,,Pets Allowed,400,200,300,,4,,,,,,Standard
"₦ 3,500,000","Rivers, Port-Harcourt",Duplex,4 bedrooms,4 bathrooms,anually,GRA PH,,Newly Built,Furnished,"Microwave,Air Conditioning,24 Hours Electricity,Refrigerator",,,No Pets,35000,1750,200,,4,Yes,,,,,Standard
"₦ 4,000,000","Rivers, Port-Harcourt",Duplex,4 bedrooms,4 bathrooms,anually,,,,,,,,,,,,Yes,4,Yes,Yes,,,,
"₦ 4,500,000","Rivers, Port-Harcourt, GRA Phase 1 / Port-Harcourt",Duplex,4 bedrooms,3 bathrooms,per annum,GRA PH,,Newly Built,Unfurnished,,,,,,,,,,,,,,,
"₦ 3,500,000","Rivers, Port-Harcourt",Duplex,4 bedrooms,5 bathrooms,anually,,,,,,,,,,,,Yes,4,Yes,Yes,,,,
"₦ 2,800,000","Rivers, Port-Harcourt",Duplex,4 bedrooms,4 bathrooms,anually,,,,Unfurnished,,,,,,,,,4,,,,,Yes,
"₦ 5,000,000","Rivers, Port-Harcourt",Duplex,4 bedrooms,4 bathrooms,anually,,,Newly Built,Furnished,,,,Pets Allowed,,,,,5,Yes,,Allowed,Not Allowed,Yes,Standard
"₦ 5,000,000","Rivers, Port-Harcourt",Duplex,4 bedrooms,5 bathrooms,anually,Ada George,,Newly Built,Furnished,"Hot Water,Microwave,Wi-Fi,Dishwasher,Air Conditioning,TV",,,,,,,,4,Yes,,Allowed,Allowed,Yes,Standard
"₦ 2,000,000","Rivers, Port-Harcourt",Duplex,4 bedrooms,5 bathrooms,per annum,Shell Cooperative Estate Off Eliozu,,Newly Built,Unfurnished,"Chandelier,Kitchen Cabinets,Pop Ceiling,Kitchen Shelf,Pre Paid Meter,Hot Water,Wardrobe,24 Hours Electricity,Balcony,Dining Area,Tiled Floor",,,,,,,,,,,,,,
"₦ 2,500,000","Rivers, Port-Harcourt",Duplex,4 bedrooms,4 bathrooms,anually,,,,,,,,,,,,Yes,4,Yes,Yes,,,,
"₦ 3,000,000","Rivers, Port-Harcourt",Duplex,4 bedrooms,5 bathrooms,per annum,Ahuoda Estate,Ahuoda,Newly Built,Furnished,"Kitchen Shelf,Kitchen Cabinets,Air Conditioning,Microwave,Hot Water,24 Hours Electricity,Dishwasher,Chandelier",,,No Pets,300,150,200,,,,,,,,
"₦ 2,500,000","Rivers, Port-Harcourt",Duplex,4 bedrooms,4 bathrooms,anually,,,Newly Built,Furnished,,,600 sqm,Pets Allowed,,,,,5,Yes,,Allowed,Allowed,Yes,
"₦ 2,500,000","Rivers, Port-Harcourt",Duplex,4 bedrooms,5 bathrooms,anually,,,,Furnished,,,,Pets Allowed,,,,Yes,4,Yes,,Allowed,Allowed,Yes,
"₦ 2,600,000","Rivers, Port-Harcourt",Duplex,4 bedrooms,5 bathrooms,anually,,,,,,,,,,,,Yes,4,Yes,Yes,,,,
"₦ 4,500,000","Rivers, Port-Harcourt, Trans Amadi",Duplex,4 bedrooms,4 bathrooms,per annum,Odili Road Trans Amadi In Port-harcourt,,Newly Built,Semi-Furnished,,,,Pets Allowed,,,,,,,,,,,
"₦ 2,000,000","Rivers, Port-Harcourt",Duplex,4 bedrooms,5 bathrooms,anually,,,,,,,,,,,,Yes,4,Yes,Yes,,,,
"₦ 2,500,000","Rivers, Port-Harcourt",Duplex,4 bedrooms,5 bathrooms,anually,,,,Semi-Furnished,,,,Pets Allowed,,,,Yes,4,Yes,,Allowed,Allowed,Yes,
"₦ 2,500,000","Rivers, Port-Harcourt",Duplex,4 bedrooms,5 bathrooms,anually,Peter Odili,,,Furnished,"Hot Water,24 Hours Electricity,Dishwasher",,,Pets Allowed,250,100,150,,4,Yes,,,,,Standard
